{
  "project_info": {
    "project_number": "809226014392",
    "project_id": "my-firebase-project-87344",
    "storage_bucket": "my-firebase-project-87344.appspot.com"
  },
  "client": [
    {
      "client_info": {
        "mobilesdk_app_id": "1:809226014392:android:052ead1ef0769952d9ee4d",
        "android_client_info": {
          "package_name": "com.example.kkl"
        }
      },
      "oauth_client": [
        {
          "client_id": "809226014392-ic1f0cebe8sc1p9kmho7b0orsid3a4dl.apps.googleusercontent.com",
          "client_type": 3
        }
      ],
      "api_key": [
        {
          "current_key": "AIzaSyB0q5NNStfqEC9f79F2Z4fgYR-rMmBfrwE"
        }
      ],
      "services": {
        "appinvite_service": {
          "other_platform_oauth_client": [
            {
              "client_id": "809226014392-ic1f0cebe8sc1p9kmho7b0orsid3a4dl.apps.googleusercontent.com",
              "client_type": 3
            }
          ]
        }
      }
    },
    {
      "client_info": {
        "mobilesdk_app_id": "1:809226014392:android:5490c7f4dd7beb93d9ee4d",
        "android_client_info": {
          "package_name": "com.example.myfirebaseapp"
        }
      },
      "oauth_client": [
        {
          "client_id": "809226014392-ic1f0cebe8sc1p9kmho7b0orsid3a4dl.apps.googleusercontent.com",
          "client_type": 3
        }
      ],
      "api_key": [
        {
          "current_key": "AIzaSyB0q5NNStfqEC9f79F2Z4fgYR-rMmBfrwE"
        }
      ],
      "services": {
        "appinvite_service": {
          "other_platform_oauth_client": [
            {
              "client_id": "809226014392-ic1f0cebe8sc1p9kmho7b0orsid3a4dl.apps.googleusercontent.com",
              "client_type": 3
            }
          ]
        }
      }
    }
  ],
  "configuration_version": "1"
}